{"stats":{"minecraft:custom":{"minecraft:jump":71,"minecraft:time_since_rest":948,"minecraft:damage_dealt":9,"minecraft:walk_on_water_one_cm":577,"minecraft:deaths":5,"minecraft:sprint_one_cm":5205,"minecraft:play_time":5694,"minecraft:damage_taken":1346,"minecraft:time_since_death":907,"minecraft:walk_one_cm":5541,"minecraft:total_world_time":5694,"minecraft:fall_one_cm":1991,"minecraft:fly_one_cm":17644},"minecraft:killed_by":{"minecraft:zombie":3,"minecraft:skeleton":1,"minecraft:creeper":1}},"DataVersion":3953}