{"stats":{"minecraft:custom":{"minecraft:jump":75,"minecraft:time_since_rest":16590,"minecraft:leave_game":1,"minecraft:damage_dealt":9,"minecraft:walk_on_water_one_cm":577,"minecraft:deaths":5,"minecraft:sprint_one_cm":5549,"minecraft:play_time":21336,"minecraft:damage_taken":1346,"minecraft:time_since_death":16549,"minecraft:walk_one_cm":5830,"minecraft:total_world_time":21336,"minecraft:fall_one_cm":1991,"minecraft:fly_one_cm":18424},"minecraft:killed_by":{"minecraft:zombie":3,"minecraft:skeleton":1,"minecraft:creeper":1}},"DataVersion":3953}