{"stats":{"minecraft:custom":{"minecraft:jump":148,"minecraft:crouch_one_cm":217,"minecraft:time_since_rest":3038,"minecraft:damage_dealt":9,"minecraft:damage_taken":1586,"minecraft:leave_game":1,"minecraft:time_since_death":2988,"minecraft:play_time":34325,"minecraft:sprint_one_cm":10913,"minecraft:walk_one_cm":7142,"minecraft:walk_on_water_one_cm":1235,"minecraft:deaths":7,"minecraft:sneak_time":483,"minecraft:total_world_time":34325,"minecraft:fall_one_cm":6863,"minecraft:fly_one_cm":73862},"minecraft:killed_by":{"minecraft:zombie":3,"minecraft:skeleton":1,"minecraft:creeper":1},"minecraft:used":{"minecraft:acacia_log":1,"minecraft:stripped_jungle_log":5},"minecraft:picked_up":{"minecraft:glow_ink_sac":1,"minecraft:acacia_log":1},"minecraft:mined":{"minecraft:acacia_log":1}},"DataVersion":3953}